comparison,cut_decks,penetration_pct,mode,rounds,scale_factor,ev_per_round,ci95_ev_per_round,sd_per_round,avg_initial_bet,ev_per_avg_bet_pct,n0_rounds
raw,1.75,70.83333333333333,exact,20000000,1.0,0.7385619589636367,0.039236872300086725,89.5268507015025,28.848613749999995,2.560129805071264,14693.753353634576
equal_avg_bet_to_exact,1.75,70.83333333333333,exact,20000000,1.0,0.7385619589636367,0.039236872300086725,89.5268507015025,28.848613749999995,2.560129805071264,14693.753353634576
equal_sd_to_exact,1.75,70.83333333333333,exact,20000000,1.0,0.7385619589636367,0.039236872300086725,89.5268507015025,28.848613749999995,2.560129805071264,14693.753353634576
raw,1.75,70.83333333333333,half,20000000,1.0,0.6548692654855518,0.03611673001037288,82.40761574306168,27.382864500000004,2.391529438001461,15835.270311191665
equal_avg_bet_to_exact,1.75,70.83333333333333,half,20000000,1.0535279736712713,0.6899230902865872,0.03804998538346053,86.81872842886852,28.84861374999999,2.3915294380014616,15835.270311191667
equal_sd_to_exact,1.75,70.83333333333333,half,20000000,1.0863904979442416,0.7114437474192283,0.03923687230008673,89.52685070150251,29.7484837992947,2.3915294380014616,15835.270311191669
raw,1.75,70.83333333333333,full,20000000,1.0,0.5764105426771134,0.032895347564017505,75.05738091492373,25.451723249999997,2.2647210839726286,16955.983319000356
equal_avg_bet_to_exact,1.75,70.83333333333333,full,20000000,1.1334640671138052,0.6533406380300766,0.03728569443903348,85.07484423873954,28.84861374999999,2.264721083972628,16955.983319000352
equal_sd_to_exact,1.75,70.83333333333333,full,20000000,1.192778772856192,0.6875302597557791,0.039236872300086725,89.5268507015025,30.35827522521041,2.2647210839726286,16955.983319000356
