comparison,cut_decks,penetration_pct,mode,rounds,scale_factor,ev_per_round,ci95_ev_per_round,sd_per_round,avg_initial_bet,ev_per_avg_bet_pct,n0_rounds
raw,1.5,75.0,exact,20000000,1.0,0.9682600133068282,0.04346385992618105,99.17157689741818,31.390779499999997,3.084536378928813,10490.361246467117
equal_avg_bet_to_exact,1.5,75.0,exact,20000000,1.0,0.9682600133068282,0.04346385992618105,99.17157689741818,31.390779499999997,3.084536378928813,10490.361246467117
equal_sd_to_exact,1.5,75.0,exact,20000000,1.0,0.9682600133068282,0.04346385992618105,99.17157689741818,31.390779499999997,3.084536378928813,10490.361246467117
raw,1.5,75.0,half,20000000,1.0,0.8182088551607413,0.039198585738984916,89.4394921777797,29.330949,2.789575117943648,11948.965263825476
equal_avg_bet_to_exact,1.5,75.0,half,20000000,1.070227202672508,0.8756693742605554,0.04195139276415229,95.72057752187482,31.390779499999994,2.789575117943648,11948.965263825472
equal_sd_to_exact,1.5,75.0,half,20000000,1.1088119407061696,0.9072397485937548,0.04346385992618105,99.17157689741818,32.522506483443685,2.789575117943648,11948.965263825474
raw,1.5,75.0,full,20000000,1.0,0.7170262144827385,0.03638645101491592,83.02303870338594,27.440550249999994,2.6130168963457234,13406.863327775869
equal_avg_bet_to_exact,1.5,75.0,full,20000000,1.143955905184518,0.8202463722296295,0.04162449550722027,94.97469539110114,31.390779499999997,2.6130168963457234,13406.863327775873
equal_sd_to_exact,1.5,75.0,full,20000000,1.194506710983269,0.85649262515056,0.04346385992618105,99.17157689741818,32.77792142669861,2.6130168963457234,13406.86332777587
