comparison,cut_decks,penetration_pct,mode,rounds,scale_factor,ev_per_round,ci95_ev_per_round,sd_per_round,avg_initial_bet,ev_per_avg_bet_pct,n0_rounds
raw,1.25,79.16666666666666,exact,20000000,1.0,1.1758192432025334,0.04838667536825083,110.40397482512604,34.55944175,3.40230971237414,8816.339218813027
equal_avg_bet_to_exact,1.25,79.16666666666666,exact,20000000,1.0,1.1758192432025334,0.04838667536825083,110.40397482512604,34.55944175,3.40230971237414,8816.33921881303
equal_sd_to_exact,1.25,79.16666666666666,exact,20000000,1.0,1.1758192432025334,0.04838667536825083,110.40397482512604,34.55944175,3.40230971237414,8816.33921881303
raw,1.25,79.16666666666666,half,20000000,1.0,1.0777635868631945,0.044208659420594064,100.87098740671918,32.346467000000004,3.3319360252332793,8759.625337536589
equal_avg_bet_to_exact,1.25,79.16666666666666,half,20000000,1.06841472826074,1.1514984897877603,0.0472331828416256,107.77204859954239,34.55944175,3.331936025233279,8759.625337536589
equal_sd_to_exact,1.25,79.16666666666666,half,20000000,1.0945067324459625,1.1796195018068754,0.04838667536825083,110.40397482512604,35.40342590234116,3.3319360252332793,8759.625337536587
raw,1.25,79.16666666666666,full,20000000,1.0,0.9252775836007505,0.03909902991740707,89.2123354587961,29.256635250000002,3.162624736898788,9296.20593627905
equal_avg_bet_to_exact,1.25,79.16666666666666,full,20000000,1.1812514137284462,1.092985453719627,0.046185784365347905,105.38219738271928,34.55944175,3.162624736898787,9296.205936279048
equal_sd_to_exact,1.25,79.16666666666666,full,20000000,1.2375415827569896,1.1450694852988355,0.04838667536825082,110.40397482512603,36.20630269342894,3.162624736898787,9296.20593627905
