comparison,cut_decks,penetration_pct,mode,rounds,scale_factor,ev_per_round,ci95_ev_per_round,sd_per_round,avg_initial_bet,ev_per_avg_bet_pct,n0_rounds
raw,2.0,66.66666666666667,exact,20000000,1.0,0.6043847527158914,0.035384799577016346,80.73756859634119,26.565016500000002,2.2751152920077855,17845.319751745392
equal_avg_bet_to_exact,2.0,66.66666666666667,exact,20000000,1.0,0.6043847527158914,0.035384799577016346,80.73756859634119,26.565016500000002,2.2751152920077855,17845.319751745392
equal_sd_to_exact,2.0,66.66666666666667,exact,20000000,1.0,0.6043847527158914,0.035384799577016346,80.73756859634119,26.565016500000002,2.2751152920077855,17845.319751745392
raw,2.0,66.66666666666667,half,20000000,1.0,0.5513715994590705,0.03219439113216894,73.45800720994508,25.1468715,2.192605149547412,17749.638009406972
equal_avg_bet_to_exact,2.0,66.66666666666667,half,20000000,1.0563944902649223,0.5824659197571197,0.03400997740945715,77.60063408242692,26.565016500000002,2.192605149547412,17749.638009406975
equal_sd_to_exact,2.0,66.66666666666667,half,20000000,1.0990982693771003,0.6060115707491481,0.035384799577016346,80.73756859634119,27.638882945898327,2.192605149547412,17749.638009406972
raw,2.0,66.66666666666667,full,20000000,1.0,0.45593959025047304,0.02831086271703465,64.59695258872844,23.098739,1.973872211164744,20072.86905083359
equal_avg_bet_to_exact,2.0,66.66666666666667,full,20000000,1.1500634948080934,0.5243594785848291,0.032559289717385025,74.29059704814576,26.565016500000002,1.973872211164744,20072.869050833593
equal_sd_to_exact,2.0,66.66666666666667,full,20000000,1.2498665240506892,0.5698636308434543,0.035384799577016346,80.73756859634119,28.87034062388409,1.9738722111647442,20072.86905083359
